<?xml version="1.0" encoding="UTF-8"?>
<kcfg xmlns="http://www.kde.org/standards/kcfg/1.0"
      xmlns:xsi="http://www.w3.org/2001/XMLSchema-instance"
      xsi:schemaLocation="http://www.kde.org/standards/kcfg/1.0
      http://www.kde.org/standards/kcfg/1.0/kcfg.xsd" >
  <kcfgfile name=""/>

  <group name="General">
	<entry name="fontSize" type="Int">
		<default>33</default>
		<label>font Size</label>
	</entry>
    <entry name="dayInitial" type="Int">
		<default>0</default>
		<label>Day initial</label>
	</entry>
    <entry name="customColors" type="string">
      <default>#ffffff</default>
      </entry>
  </group>

</kcfg>
