[
    {
        "fallback": false,
        "iconPath": ":amazon",
        "id": "b445c7f1",
        "name": "Amazon",
        "trigger": "ama",
        "url": "http://www.amazon.com/s/?field-keywords=%s"
    },
    {
        "fallback": true,
        "iconPath": ":gpt",
        "id": "e193390d",
        "name": "Chat GPT",
        "trigger": "gpt",
        "url": "https://chat.openai.com/?q=%s"
    },
    {
        "fallback": false,
        "iconPath": ":duckduckgo",
        "id": "40fd1410",
        "name": "DuckDuckGo",
        "trigger": "dd",
        "url": "https://duckduckgo.com/?q=%s"
    },
    {
        "fallback": false,
        "iconPath": ":ebay",
        "id": "48aa1012",
        "name": "Ebay",
        "trigger": "eb",
        "url": "http://www.ebay.com/sch/i.html?_nkw=%s"
    },
    {
        "fallback": false,
        "iconPath": ":github",
        "id": "648863d3",
        "name": "GitHub",
        "trigger": "gh",
        "url": "https://github.com/search?utf8=✓&q=%s"
    },
    {
        "fallback": true,
        "iconPath": ":google",
        "id": "d4504a19",
        "name": "Google",
        "trigger": "gg",
        "url": "https://www.google.com/search?q=%s"
    },
    {
        "fallback": false,
        "iconPath": ":maps",
        "id": "3b2b6e73",
        "name": "Google Maps",
        "trigger": "maps",
        "url": "https://www.google.com/maps/search/%s/"
    },
    {
        "fallback": false,
        "iconPath": ":scholar",
        "id": "60165ffd",
        "name": "Google Scholar",
        "trigger": "scholar",
        "url": "https://scholar.google.com/scholar?q=%s"
    },
    {
        "fallback": false,
        "iconPath": ":google_translate",
        "id": "219c7939",
        "name": "Google Translate",
        "trigger": "gt",
        "url": "https://translate.google.com/?text=%s"
    },
    {
        "fallback": false,
        "iconPath": ":wolfram",
        "id": "ff2a4ef5",
        "name": "Wolfram Alpha",
        "trigger": "wa",
        "url": "https://www.wolframalpha.com/input/?i=%s"
    },
    {
        "fallback": true,
        "iconPath": ":youtube",
        "id": "37c2dd65",
        "name": "YouTube",
        "trigger": "yt",
        "url": "https://www.youtube.com/results?search_query=%s"
    }
]
