{
    "KPlugin": {
        "Authors": [
            {
                "Name": "zayronxio"
            }
        ],
        "Name": "Seeua Weather",
        "Id": "Seeua.Weather",
        "Description": "widget showing the date and weather status",
        "Category": "Utilities",
        "Icon": "weather",
        "EnabledByDefault": true,
        "License": "GPL-3.0+",
        "ServiceTypes": [
            "Plasma/Applet"
        ],
        "Version": "0.5.1",
        "Website": ""
    },
    "X-Plasma-API-Minimum-Version": "6.0",
    "X-Plasma-MainScript": "ui/main.qml"
}
