{
    "KPlugin": {
        "Authors": [
            {
                "Name": "zayronxio"
            }
        ],
        "Name": "Plasma Control Hub",
        "Id": "Plasma.Control.Hub",
        "Description": "",
        "Category": "Utilities",
        "Icon": "configure",
        "EnabledByDefault": true,
        "License": "GPL-3.0+",
        "ServiceTypes": [
            "Plasma/Applet"
        ],
        "Version": "0.3.2",
        "Website": "https://github.com/zayronxio/Plasma-Control-Hub"
    },
    "X-Plasma-API-Minimum-Version": "6.0",
    "X-Plasma-MainScript": "ui/main.qml"
}
