{
    "KPackageStructure": "KWin/Effect",
    "KPlugin": {
        "Authors": [
            {
                "Email": "mgraesslin@kde.org",
                "Name": "Martin Gräßlin",
                "Name[ar]": "مارتن جراجلين",
                "Name[be]": "Martin Gräßlin",
                "Name[bg]": "Martin Gräßlin",
                "Name[ca@valencia]": "Martin Gräßlin",
                "Name[ca]": "Martin Gräßlin",
                "Name[cs]": "Martin Gräßlin",
                "Name[de]": "Martin Gräßlin",
                "Name[en_GB]": "Martin Gräßlin",
                "Name[eo]": "Martin Gräßlin",
                "Name[es]": "Martin Gräßlin",
                "Name[et]": "Martin Gräßlin",
                "Name[eu]": "Martin Gräßlin",
                "Name[fi]": "Martin Gräßlin",
                "Name[fr]": "Martin Gräßlin",
                "Name[gl]": "Martin Gräßlin.",
                "Name[he]": "מרטין גרייסלין",
                "Name[hu]": "Martin Gräßlin",
                "Name[ia]": "Martin Gräßlin",
                "Name[is]": "Martin Gräßlin",
                "Name[it]": "Martin Gräßlin",
                "Name[ja]": "Martin Gräßlin",
                "Name[ka]": "მარტინ გრესსლინი",
                "Name[ko]": "Martin Gräßlin",
                "Name[lt]": "Martin Gräßlin",
                "Name[nl]": "Martin Gräßlin",
                "Name[nn]": "Martin Gräßlin",
                "Name[pl]": "Martin Gräßlin",
                "Name[pt]": "Martin Gräßlin",
                "Name[ro]": "Martin Gräßlin",
                "Name[ru]": "Martin Gräßlin",
                "Name[sk]": "Martin Gräßlin",
                "Name[sl]": "Martin Gräßlin",
                "Name[ta]": "மார்ட்டின் கிராஸ்லின்",
                "Name[tr]": "Martin Gräßlin",
                "Name[uk]": "Martin Gräßlin",
                "Name[vi]": "Martin Gräßlin",
                "Name[x-test]": "xxMartin Gräßlinxx",
                "Name[zh_CN]": "Martin Gräßlin",
                "Name[zh_TW]": "Martin Gräßlin"
            }
        ],
        "Category": "Appearance",
        "Description": "Animation for a window going to maximize/restore from maximize",
        "Description[ar]": "تحريك النوافذ عند تكبيرها/استعادة من التكبير",
        "Description[be]": "Анімацыя акон пры разгортванні і згортванні з разгорнутага рэжыму",
        "Description[bg]": "Анимация за прозорец при максимизиране/възстановяване",
        "Description[ca@valencia]": "Animació per a una finestra que es maximitza/restaura des de maximització",
        "Description[ca]": "Animació per a una finestra que es maximitza/restaura des de maximització",
        "Description[cs]": "Animace okna pro maximalizaci/obnovení z maximalizace",
        "Description[de]": "Animation für ein Fenster beim Maximieren und Wiederherstellen",
        "Description[en_GB]": "Animation for a window going to maximise/restore from maximise",
        "Description[eo]": "Animacio por fenestro maksimumigi/restarigi de maksimumigi",
        "Description[es]": "Animación para la ventana que se maximiza o restaura desde el estado de maximizada",
        "Description[et]": "Maksimeeritava või maksimeeritust taastatava akna animatsioon",
        "Description[eu]": "Leihoa maximizatzera/maximizatutik leheneratzera doanerako animazioa",
        "Description[fi]": "Animaation ikkunaa suurennettaessa tai palautettaessa suurennetusta tilasta",
        "Description[fr]": "Animation pour une fenêtre passant de maximiser / restaurer à partir de maximiser",
        "Description[gl]": "Animación das xanelas que se maximizan ou restauran maximizadas.",
        "Description[he]": "הנפשה לחלון שמוגדל/משוחזר מהגדלה",
        "Description[hu]": "A maximalizálásra készülő/maximalizálásból visszatérő ablakok animációja",
        "Description[ia]": "Animation per un fenestra va maximisar/restabilir ab maximisar",
        "Description[is]": "Hreyfiáhrif fyrir glugga sem eru fullstækkaðir/teknir úr fullstækkun",
        "Description[it]": "Animazione per una finestra massimizzata o ripristinata dalla massimizzazione",
        "Description[ja]": "最大化/復元時のウィンドウアニメーション",
        "Description[ka]": "ფანჯრის ანიმაცია ჩაკეცვის/ამოკეცვის მცდელობისას",
        "Description[ko]": "최대화된 창이 최소화되거나 복원될 때 사용할 애니메이션",
        "Description[lt]": "Animacija, kuri naudojama išskleidžiant langą ar gražinant jį iš išskleidimo",
        "Description[nl]": "Animatie voor een venster dat gaat naar maximaliseren/herstellen vanuit maximaliseren",
        "Description[nn]": "Vindaugsanimasjon i samband med bruk av maksimering/gjenoppretting",
        "Description[pl]": "Okna są gładko skalowane przy maksymalizacji i przy powrocie z niej",
        "Description[pt]": "Animação para uma janela ao maximizar-se/repor-se da maximização",
        "Description[ro]": "Animație pentru o fereastră ce trece la maximizare/restabilire din maximizare",
        "Description[ru]": "Анимация для окна, которое будет максимизировано/восстановит размер после максимизации",
        "Description[sk]": "Animácia pre okno, ktoré sa maximalizuje/obnoví z maximalizácie",
        "Description[sl]": "Animacija za okno, ki bo povečano/obnovljeno iz povečanja",
        "Description[ta]": "சாளரத்தை அதிகபட்ச பெரிதாக்கும்போதும் பழைய அளவை மீளமர்த்தும்போதும் பயன்படுத்த வேண்டிய அசைவூட்டம்",
        "Description[tr]": "Ekranı kaplayan veya geri dönen bir pencere için canlandırma",
        "Description[uk]": "Анімація для вікон під час максимізації/відновлення з максимізації",
        "Description[vi]": "Hiệu ứng động cho một cửa sổ chuẩn bị phóng to hoặc khôi phục từ trạng thái phóng to",
        "Description[x-test]": "xxAnimation for a window going to maximize/restore from maximizexx",
        "Description[zh_CN]": "窗口最大化/恢复时呈现过渡动效",
        "Description[zh_TW]": "視窗最大化/回復時的動畫",
        "EnabledByDefault": true,
        "Icon": "preferences-system-windows-effect-maximize",
        "Id": "kinetic_maximize",
        "License": "GPL",
        "Name": "Maximize (Kinetic)",
        "Name[ar]": "كبّر (Kinetic)",
        "Name[be]": "Разгарнуць (Kinetic)",
        "Name[bg]": "Максимизиране (Kinetic)",
        "Name[ca@valencia]": "Maximitza (Kinetic)",
        "Name[ca]": "Maximitza (Kinetic)",
        "Name[cs]": "Maximalizovat (Kinetic)",
        "Name[de]": "Maximieren (Kinetic)",
        "Name[en_GB]": "Maximise (Kinetic)",
        "Name[eo]": "Maksimumigi (Kinetic)",
        "Name[es]": "Maximizar (Kinetic)",
        "Name[et]": "Maksimeerimine (Kinetic)",
        "Name[eu]": "Maximizatzea (Kinetic)",
        "Name[fi]": "Suurenna (Kinetic)",
        "Name[fr]": "Maximiser (Kinetic)",
        "Name[gl]": "Maximizar (Kinetic)",
        "Name[he]": "הגדלה (Kinetic)",
        "Name[hu]": "Maximalizálás (Kinetic)",
        "Name[ia]": "Maximiza (Kinetic)",
        "Name[is]": "Fullstækka (Kinetic)",
        "Name[it]": "Massimizza (Kinetic)",
        "Name[ja]": "最大化 (Kinetic)",
        "Name[ka]": "გადიდება (Kinetic)",
        "Name[ko]": "최대화 (Kinetic)",
        "Name[lt]": "Išskleidimas (Kinetic)",
        "Name[nl]": "Maximaliseren (Kinetic)",
        "Name[nn]": "Maksimer (Kinetic)",
        "Name[pl]": "Maksymalizacja (Kinetic)",
        "Name[pt]": "Maximizar (Kinetic)",
        "Name[pt_BR]": "Maximizar (Kinetic)",
        "Name[ro]": "Maximizează (Kinetic)",
        "Name[ru]": "Распахивание окон (Kinetic)",
        "Name[sk]": "Maximalizovať (Kinetic)",
        "Name[sl]": "Razpni (Kinetic)",
        "Name[ta]": "அதிகபட்ச பெரிதாக்குவது (Kinetic)",
        "Name[tr]": "Ekranı Kapla (Kinetic)",
        "Name[uk]": "Максимізація (Kinetic)",
        "Name[vi]": "Phóng to (Kinetic)",
        "Name[x-test]": "xxMaximizexx (Kinetic)",
        "Name[zh_CN]": "最大化过渡动画 (Kinetic)",
        "Name[zh_TW]": "最大化 (Kinetic)"
    },
    "X-KDE-Ordering": 60,
    "X-KWin-Video-Url": "https://files.kde.org/plasma/kwin/effect-videos/maximize.ogv",
    "X-Plasma-API": "javascript"
}
