{
    "KPackageStructure": "Plasma/LookAndFeel",
    "KPlugin": {
        "Authors": [
            {
                "Email": "vinceliuice@hotmail.com",
                "Name": "Vince Liuice"
            }
        ],
        "Category": "Global Themes (Plasma 6)",
        "ServiceTypes": [
            "Plasma/LookAndFeel"
        ],
        "EnabledByDefault": true,
        "Description": "MacOS Sequoia theme for kde plasma",
        "Id": "com.github.vinceliuice.MacSequoia-Dark",
        "License": "GPLv3",
        "Name": "MacSequoia-Dark",
        "Website": "https://github.com/vinceliuice/MacSequoia-kde"
    },
    "Keywords": "Desktop;Workspace;Appearance;Look and Feel;Logout;Lock;Suspend;Shutdown;Hibernate;",
    "X-KDE-fallbackPackage": "org.kde.breeze.desktop",
    "X-Plasma-MainScript": "defaults",
    "X-Plasma-APIVersion": "2",
    "X-KPackage-Dependencies": [
        "kns://colorschemes.knsrc/api.kde-look.org/2170936",
        "kns://plasma-themes.knsrc/api.kde-look.org/2170947",
        "kns://aurorae.knsrc/api.kde-look.org/2170938",
        "kns://wallpaper.knsrc/api.kde-look.org/2170942",
        "kns://sddmtheme.knsrc/api.kde-look.org/2170940",
        "kns://icons.knsrc/api.kde-look.org/1405756",
        "kns://xcursor.knsrc/api.kde-look.org/1411743"
    ]
}
