{
    "KPlugin": {
        "Authors": [
            {
                "Name": "zayronxio"
            }
        ],
        "Name": "Plain Circle Weather",
        "Id": "Plain.Circle.Weather",
        "Description": "widget showing weather status",
        "Category": "Utilities",
        "Icon": "weather",
        "EnabledByDefault": true,
        "License": "GPL-3.0+",
        "ServiceTypes": [
            "Plasma/Applet"
        ],
        "Version": "0.5",
        "Website": ""
    },
    "X-Plasma-API-Minimum-Version": "6.0",
    "X-Plasma-MainScript": "ui/main.qml"
}
