{
    "KPlugin": {
        "Authors": [
            {
                "Name": "zayronxio"
            }
        ],
        "Name": "Chaac Complete Weather",
        "Id": "Chaac.Complete.Weather",
        "Description": "Chaac Complete Weather",
        "Category": "Utilities",
        "Icon": "weather",
        "EnabledByDefault": true,
        "License": "GPL-3.0+",
        "ServiceTypes": [
            "Plasma/Applet"
        ],
        "Version": "0.6.0",
        "Website": ""
    },
    "X-Plasma-API-Minimum-Version": "6.0",
    "X-Plasma-MainScript": "ui/main.qml"
}
